Student_ID,Performance_Score,Study_Hours_Per_Day,Participation_Score,Attendance_Rate
1,79.96714153011233,7.798710873172004,4.071064891256277,65.12097556392682
2,73.61735698828815,6.849267365825538,0.6600984414024158,78.1704182241927
3,81.47688538100692,5.119260739840349,3.488205339694793,90.19024452417375
4,90.23029856408026,3.706126444588852,1.1099809879131484,56.857424407637154
5,72.65846625276664,6.39644662722718,8.082352100092221,79.03495422771425
6,72.6586304305082,5.786970770843499,9.476880259644707,75.2754380194932
7,90.79212815507391,6.790386440055465,0.7231647525793861,57.20393930065998
8,82.67434729152909,6.270343603363939,9.551152072917015,81.19992427644912
9,70.30525614065049,7.09910543063867,5.225765993367451,63.68202089303858
10,80.42560043585965,3.9295295768788643,2.9956567795387388,74.39171592720062
11,70.36582307187538,7.634788131268651,0.7686207527616351,54.11361621385309
12,70.34270246429743,5.395199209384799,5.006242680704178,72.97920286068116
13,77.41962271566034,9.150521745250531,7.945155444907487,65.32317340214101
14,55.86719755342202,3.6216243638208643,7.070864772666981,91.11906055926772
15,57.75082167486967,8.4719276063305,0.5022601146397376,52.84893634986842
16,69.37712470759027,5.395821566925296,0.7290183536790351,70.9303637459165
17,64.87168879665576,3.6971639927711033,4.028732826326371,72.9215712065719
18,78.14247332595274,4.032228331891357,2.9529049404794327,86.25030381495594
19,65.91975924478788,4.3593053836113596,2.3238432305604784,78.71437875451055
20,60.87696298664709,5.848331892803833,2.810044989087136,83.36061685970905
21,89.65648768921554,6.0456709760709995,8.034827432968846,88.8524642825878
22,72.74223699513465,3.852599992122842,9.29228053631854,93.11014868290944
23,75.67528204687923,4.951290815478035,4.051026945275664,65.69377483612352
24,60.75251813786544,9.284540717223727,9.061110021324971,76.90113526819515
25,69.55617275474818,8.455086340201422,3.21495701247882,92.00540392196
26,76.10922589709867,5.872647339348064,4.764369863437916,99.47255654825283
27,63.490064225776976,5.076006956336401,2.260289978159997,94.47596555218816
28,78.75698018345672,5.240062653436523,6.404760421758439,68.57336313121884
29,68.99361310081196,6.227035945460833,9.78981115174809,59.75832586093252
30,72.08306250206724,2.954414869603189,6.034930960433787,74.46962687032944
31,68.98293387770603,4.48524692515331,3.5781408411354887,87.0820725918021
32,93.52278184508938,1.662831852244821,6.478174459905284,74.62845353766488
33,74.86502775262066,5.798446245210559,1.2292067846538757,74.15904316568343
34,64.422890710441,6.294391879405482,8.886590802653986,91.91152105409003
35,83.22544912103189,4.033627075401252,5.030839507798364,68.07018895335932
36,62.791563500289776,8.147973526580065,4.49349742039642,92.98973374058228
37,77.08863595004756,2.5484686739953175,5.858647884535192,70.34024004758618
38,55.403298761202244,2.0712502395803596,6.2478386278940246,66.41165528391697
39,61.71813951101569,5.448903637119944,0.7177580622651303,72.69949555998495
40,76.96861235869123,7.094196605224309,6.826172212234024,88.12234793374341
41,82.3846657999541,8.367855382915737,2.419316803155296,56.30010139319971
42,76.7136828118997,4.0822314742621195,7.139526325065898,59.82096079360087
43,73.8435171761176,7.157361666862592,8.225347943841967,97.5722412831546
44,71.98896304410711,4.922983060998585,8.039585075525203,58.77458136906787
45,60.214780096325725,4.654745400118361,5.525009674078891,78.38636589655273
46,67.80155791605291,6.767319874973345,5.201698923107512,78.96572333309689
47,70.39361229040213,6.304645756826839,1.4287596133941172,74.48122310251225
48,85.57122226218915,1.8472156860315012,7.753461504031356,82.23726242884092
49,78.43618289568461,7.9530806994517915,2.7140938044671437,61.49133628988092
50,57.36959844637266,7.760182708294903,4.966954228179466,77.63311338883742
51,78.24083969394795,3.748874596980941,2.842740929275167,68.60866276234486
52,71.14917719583684,5.791607066874818,1.3382836299969314,83.08336298145946
53,68.23077999694041,5.988060372565478,6.2955769689173655,57.06117716865747
54,81.11676288840867,5.521347531647814,0.5433203482290383,78.54387084197381
55,85.30999522495951,3.8993896923091595,7.486452341262,59.263517769166185
56,84.31280119116198,3.656753264123897,3.1758679526111666,63.93215315575182
57,66.60782476777362,4.9488918580171095,0.0013469300448532007,60.93549001617916
58,71.90787624148786,7.345458038518729,5.111291392372298,59.14188899344086
59,78.31263431403563,6.087200309188865,0.46851908527603126,91.28554757803334
60,84.75545127122359,4.258771335827788,2.761695578208995,64.28537838304452
61,70.2082576215471,6.54339742129669,7.069764874557162,96.35618909322247
62,73.14341023336183,0.0,0.6268962162186587,98.49632626725955
63,63.93665025993972,7.297531400744207,8.393384923560024,78.56302349685487
64,63.037933759193294,1.5205724424438007,0.03819922658583108,57.15005613328632
65,83.12525822394198,4.275118117193736,2.4682386920190225,68.72741216897907
66,88.56240028570824,2.7606602107477123,7.409040561520714,89.8866131674107
67,74.27989878419666,2.4106370485581885,3.162701497293068,68.36953643485353
68,85.03532897892023,7.321653574757039,1.0189238806601353,54.350860915139435
69,78.61636025047635,4.064597597376217,3.6023391880042785,77.8392455464094
70,68.54880245394875,5.693007763461432,2.7039328638452553,92.25604257480174
71,78.61395605508415,4.906158842241632,8.427119021605549,89.79631935717512
72,90.38036566465969,5.954081654446243,3.1334791758514315,58.75615700651766
73,74.64173960890048,5.15364378212051,7.889324717760072,83.63823072062334
74,90.64643655814007,2.4340155516228608,8.918721448107348,61.025213171782354
75,48.80254895910255,6.99253363889428,4.338174195765295,60.91037672760861
76,83.21902504375224,4.012486833677375,9.09943143854392,93.70358866525926
77,75.87047068238171,1.886836202680498,3.7731805396319285,62.48344763701151
78,72.00992649534132,4.143769678068175,9.640784164901081,63.16236732590056
79,75.91760776535503,8.00151958126862,0.8928952452557293,50.03266953806498
80,55.124310853991076,6.7004434842269855,6.870192665032428,93.53345170627588
81,72.80328112162488,4.302695731184282,4.938140404569287,89.62974066045673
82,78.57112571511746,4.301484591363143,3.8764880545564706,81.3664467545339
83,89.77894044741517,4.356729897565235,6.327118787486009,87.51328819694211
84,69.81729781726352,9.153495967121682,7.038570916343312,57.60242837122459
85,66.91506397106812,5.763870904463107,0.04363269650309087,72.91617972937877
86,69.98242956415463,5.8600832943821395,1.6695308874719872,67.56096936743904
87,84.15402117702074,7.060566908063684,7.130460506343187,54.68882631285082
88,78.28751109659684,5.477578318053027,6.663854135782064,74.3065242607462
89,69.70239796232961,4.481915708358594,9.660475051286772,96.03698251713178
90,80.13267433113356,4.607300301830043,7.61037790250783,52.00295595253473
91,75.9707754934804,4.856797481171872,9.50772707731338,64.5730456746897
92,84.68644990532889,4.925555526980316,7.02540501534807,60.37704681028517
93,67.97946906122648,6.4552590872739595,2.9805220863944317,61.907332683284814
94,71.72337853402232,5.103891771614599,1.0536492225085647,95.42172759396877
95,71.07891846867842,6.465280154431158,7.818238633449356,73.40345271171451
96,60.364850518678814,4.838566839782835,6.441492214759159,73.31497064699094
97,77.96120277064576,5.157270380632181,0.4818601239329623,88.02878212276411
98,77.6105527217989,1.0035986309357847,3.6005046590097836,57.72461020024629
99,75.05113456642461,6.832655349404963,9.567998154842861,74.36326770500254
100,72.65412866624852,5.692976951795986,5.0040114571020125,71.49926070605298
101,60.84629257949586,6.996020219719305,4.327291360197046,79.8455345273328
102,70.79354677234642,0.0,4.57699605159294,99.97788516252193
103,71.57285483473231,9.176749409561456,2.0888272400516374,88.47244470410234
104,66.9772273077838,4.720820743689653,3.6870717086479523,69.89328515087136
105,73.3871428833399,7.216365633475033,3.698132559871766,91.37765261370234
106,79.04050856814538,2.9201881457489383,0.523550201874724,58.53541816562401
107,93.8618590121053,6.225547810125139,7.675676285179183,51.523184315448006
108,76.74577812831839,2.8931688736526877,4.16504431903879,60.222418623213656
109,77.57550390722764,3.7524620786083895,8.221798868164234,67.02057780571297
110,74.25554084233833,8.828062707733572,8.503480011198954,75.529037872978
111,55.812287847009586,4.6186351984733065,2.1199405469865806,80.75645702706
112,74.73486124550783,5.434865746359446,6.573534821701285,95.53028586072108
113,75.60230209941027,6.740135461377508,4.722818041629817,75.49270047752289
114,99.63242112485287,5.991363775945209,8.80156737921485,75.06378223128647
115,73.07639035218878,5.3008378102871525,2.157406791764541,52.51215049114911
116,78.01547342333612,5.729922004932451,6.778132003100442,51.74557763281119
117,74.65288230294756,9.80683117047655,6.077521222527226,77.5579980958186
118,63.31321962380468,4.884762405932829,2.953014775718328,71.90893066241722
119,86.4282281451502,5.402198093429935,1.3660090365117261,91.95901974901493
120,82.51933032686775,7.1013087920152245,6.516397604772766,58.033979235592255
121,82.91031947043047,7.211051865915968,7.385974581323307,51.24858310585248
122,65.9061254520526,7.37406061112076,3.1562734376334998,72.45193839650629
123,89.02794310936099,6.277460444058369,6.448326040223138,61.873927837612875
124,60.98148937207719,2.713990174539033,3.9513090761150327,52.480718666941875
125,80.8685709380027,8.266863064602191,7.132068832826177,86.22991434238145
126,96.90455625809979,2.707309213962624,1.992152748940531,55.579649997862376
127,65.09463674869312,5.605270930478066,8.902150026361744,80.41597500038858
128,69.33702270397228,3.4914482999612844,2.8740959646557975,64.05248750834446
129,75.99651365087641,4.871723306814015,3.677859877561529,58.674802517751104
130,69.965243458838,5.657524820606961,0.5809195208034978,68.98757614596587
131,59.493365689338674,5.642714430900546,1.115122123212764,90.07228881114769
132,75.68562974806028,5.84384150847057,5.158619027123281,69.60467884522863
133,64.37696286273895,8.227422538117294,2.675926767279715,87.53848246055279
134,79.73592430635182,5.90706860302796,8.354802257421944,56.27431483995753
135,65.80575765766197,4.511686729418702,0.14693388654953843,88.63857098325396
136,90.4993440501754,6.928174336576714,3.7909404867193617,61.84666624533243
137,67.16746707663764,7.378940977849281,3.3734554676909267,83.86965649444363
138,71.77938483794324,2.544784369726015,0.19327630917601035,78.28907774204981
139,83.1351721736967,6.194800139699716,1.2436839900051022,96.45723586058438
140,62.69135683566045,6.402345484621796,4.136426749186352,69.3661258987657
141,77.2745993460413,4.404872993280016,4.928645844474467,53.30825944172202
142,88.07142754282428,7.751413626623239,4.042897472548691,50.95777427756264
143,58.92516765438772,4.699888825934947,5.309376784120938,91.34292804863765
144,76.84633858532304,5.2511529069430845,5.951316749056815,76.23678188307161
145,77.59882794248423,4.65385635143226,0.0992382112783563,88.76220259174747
146,82.81822871777311,5.031158095162935,4.640951594535039,61.72128000057573
147,62.63049289121918,2.8074498262095964,9.634992408875883,67.25418727566168
148,61.795433869157236,2.1198982348114113,5.190322801295487,51.50519361056595
149,80.21941565616898,8.189010126449944,6.775422674589532,98.07461622870561
150,77.96984673233186,3.3060773033633444,3.118638579168832,83.39339533504068
151,77.50492850345877,3.0172153010873854,7.739913781527625,96.66025438796531
152,78.46448209496975,0.6932197727925704,7.729214818761151,63.274820371453615
153,68.1997527842151,3.7220765046209956,5.212960476541389,80.57318056128304
154,77.32253697161003,2.3538204131850033,9.760138232792135,83.92499841463189
155,77.93072473298682,8.284030320272738,1.2555021476265338,65.87748501287942
156,67.85648581973632,7.019634178685268,0.16947664889580993,92.40546175078151
157,93.65774511144757,3.6236993096445524,7.701582117570959,97.35807314501238
158,79.73832920911788,9.504871610688618,8.071555373648826,94.24275588480022
159,63.08696502797351,6.963530973983189,1.2020722912057624,86.95334879696863
160,81.5655360863383,4.350337232982755,2.6558283295860607,63.8732339862477
161,65.25318329772679,0.0011885702528537934,0.1755236336662891,64.08080210528159
162,82.87084603742451,9.581885145181484,2.933086107805647,98.1680160223019
163,86.58595579007404,2.220855066472808,7.731418739186715,50.5142247967846
164,66.7931768164829,1.7092025060862164,5.179605277125789,85.80249866210723
165,84.63376129244321,7.045140864019281,3.480955931682881,85.31230812776312
166,79.12780926936499,9.879504812678546,3.717392949063303,81.13447704748987
167,83.2206015999449,7.768545637021036,0.013536257154681541,99.50544230434329
168,93.96792982653947,6.12781824010472,2.9980052756523587,65.59397178818627
169,72.5461188399713,6.189508683330572,6.464587416379305,66.99859318966242
170,67.4626383564251,6.706831117560616,9.741944438163571,53.946970147327775
171,66.10485570374476,6.5178571795735305,8.470608269838994,72.13990682718688
172,66.84189715034562,5.562382847938752,0.23594964645529126,63.05242631174241
173,74.22898290585896,5.208402207903752,8.985606046748394,67.16933510888221
174,78.41151974816644,4.874813744200956,7.83198413298626,91.72858951278138
175,77.7669079933002,3.4920708222666477,7.803761235709804,96.77422567637478
176,83.27183249036024,4.438649846266452,4.579957590035715,59.286653600259285
177,75.13001891877907,1.614086371609229,3.980052929545028,68.6254465776733
178,89.53534077157317,4.8033207464105,3.029157288331926,96.4315281057697
179,72.35343166762044,3.022817785698165,0.6569485895436578,53.09042303446113
180,100.0,2.792821365568458,2.282353634936991,54.618026405568926
181,81.25667347765007,5.359788302306957,2.4660363497802464,58.13954946031147
182,66.42842443583717,7.784004572689199,4.840770697102016,79.76064170634373
183,64.29107501938887,6.836633212004626,7.4744440659669396,57.52361355029987
184,79.82472415243186,1.858998792753646,4.7380982839794665,98.40381907253668
185,72.7653721467415,3.020743726859325,0.5784444944716061,72.33572636292601
186,82.14000494092092,6.881542375976432,9.57789800988204,75.07589801750832
187,79.73237624573545,3.035025212923381,9.427243190941123,62.332930790270325
188,74.27171087343127,4.550733700005951,7.851895431484084,73.54801262173667
189,66.53206281931595,6.100104198049104,9.913279015642205,83.09568163185057
190,59.851527753141355,3.0633110902727294,5.444823328002629,87.55885684770215
191,70.53485047932979,5.21075101229192,9.627683502532062,87.69340413549565
192,83.56398794323472,2.331949010163591,0.7560504061675077,78.89455563470442
193,77.14093744130204,3.7972647120975727,3.656807482613713,95.21798874969286
194,62.542612212880115,5.639563868285074,2.253812680067658,90.87039236530546
195,76.73180925851182,1.8140125329366614,1.9583308413427003,87.85240573493127
196,78.85317379728836,5.880949475920798,1.4080294889267608,52.78027608402303
197,66.16142563798867,4.960724402146638,6.224136415659967,50.343898110982465
198,76.53725105945527,6.104979908834295,7.813218557473051,60.62236385977365
199,75.58208718446,5.447828268129323,5.782983994203606,83.17617969567262
200,63.57029702169377,7.728280859947688,1.4696270958820967,70.55987444412729
201,78.57787360348283,5.250449005295814,8.111237699334708,70.12031296496559
202,80.60784526368235,4.141188917749494,6.359547071637285,94.2293444114807
203,85.83051243175277,5.244595006064568,3.881657061269955,94.77814240659194
204,85.53802052034902,6.086596058072776,6.74130295536063,95.45876320267928
205,61.22330632042909,5.0977201406514085,2.5990497924283282,65.69390382575136
206,65.62174960084877,5.081183382407764,3.451922084942105,84.5527906369631
207,80.1503526720866,3.5960166243864893,9.174858431319903,63.58165906371848
208,80.1378595091221,3.6741981648981037,2.905045056714204,59.53049165372249
209,80.15047686306048,2.194789456400613,4.699882681579366,59.23162286736846
210,100.0,8.499153486373878,8.901411373960146,67.1053810431797
211,80.70890510693167,2.51227352921743,7.077213502675274,71.49788098899108
212,86.35565640180599,3.6141896044081854,0.6220322616470275,91.54745855275343
213,84.54001763493203,3.5631854688616054,1.4730304427897034,55.994554673635605
214,81.51391251305797,6.789848753888883,0.07841590771916818,86.74629236974471
215,71.84730755359655,4.410100643415944,6.309217902291634,76.57274570946527
216,82.58969220493267,7.495484145347468,4.4767342541041835,64.39726713379963
217,67.27174785462428,3.653018751512263,1.3427485090227553,74.64097922664124
218,72.63181393259991,5.557988324447604,9.579341210567705,64.99710348885114
219,70.14636452170896,3.3293058934804853,5.296597239456199,79.8040977619153
220,75.81874139386322,9.290298255546777,2.418932941128892,71.69219614276221
221,98.14658566673509,2.6248031619409744,5.006035711547075,58.22027645394394
222,56.32734807408252,5.619641420454055,6.796203327351078,55.829153727784835
223,81.86260190374513,6.267553761864197,0.7623921797356448,77.33478410360651
224,58.87284128810349,5.827598194902997,2.74703815047892,95.12065166430517
225,70.28068134210567,4.629424682244584,8.069654908839937,67.19788432788428
226,85.88950596967366,4.740358600533147,4.596648704026612,86.65000536113115
227,75.64280019095463,5.087622943958219,5.465771420322949,82.93306774698834
228,64.22255222070694,4.705995996743023,4.328160022094693,96.57774571547405
229,67.84696290740033,6.927758233589819,0.4389994264300512,91.04905086495705
230,81.79597748934675,9.421046003182703,1.6574977982015593,78.33026294527315
231,67.69633368282864,3.885016429984333,4.455416387418909,82.85152491170537
232,77.16458589581976,2.2603940408418444,2.0918546540792784,94.91932332920175
233,75.45571839903813,4.82343590329749,0.49979028659678737,69.97593922934674
234,68.48399652394183,10.0,8.436496640518238,66.33973529288886
235,96.43944089325325,3.3926508640605384,9.811925291641158,50.540554181759816
236,81.33919022318011,8.278233610888135,7.931428739967394,91.32755370957321
237,54.74857413342393,8.355401628152881,8.53784921704667,90.04903502016825
238,76.86454314769428,3.892823516584011,2.419771303170454,55.22272590500757
239,68.38213535231613,6.137966158370551,9.606269755131997,78.84286905663501
240,83.52433334796224,8.256793246257075,1.9692570445342839,73.19908490834436
241,67.07479261567299,4.241744518025026,9.514298103618323,55.935454775455575
242,73.85263558533102,4.592839279795276,9.94819293965951,99.02841135303618
243,80.04987278980457,3.8366381721027123,7.117228057460487,60.73479437316777
244,83.65755194170121,2.9704865386142663,9.81143731791822,53.36170900452806
245,62.997035929442234,3.701444909867986,5.695397795671036,79.74236897509547
246,71.65498764159051,2.552119466475487,2.595417831760903,86.94333385665163
247,70.25054688839043,5.068166936518452,4.369958856656209,51.622172302359346
248,68.46670767426288,3.4600535378827164,5.93560935378786,82.93588193635111
249,92.65454240281096,5.467571823581496,0.7308156202701499,76.61459379757272
250,79.04981710960955,1.8882087075927454,6.223432646172461,55.16325044375242
251,62.391160456649544,5.661760464428914,9.811778367622946,58.626193847318106
252,84.17861947054776,6.6670579232178495,1.9010764978372763,78.39871486580402
253,96.22156197012633,1.0125287148570892,7.925951162883833,64.81788067566441
254,85.32465260551147,5.748113139695144,9.078987937796194,96.9157864325658
255,59.80630034045987,7.455337984946585,9.437015928202207,90.93701147420254
256,70.15765927133748,2.580717962617589,9.601356044054473,99.17836032568314
257,87.66911149186623,8.345144773675408,5.214596387214719,62.9835419475207
258,67.92330534381219,5.838038018732091,9.773079079915037,98.48618163989886
259,79.43819428146229,3.5899762884831823,7.573102071344389,71.56169348957789
260,82.74634053429337,4.8884618446845876,1.616714362369619,67.37593976568773
261,65.73069528421917,6.116653825043445,4.7690010646797,52.51747634846766
262,74.404746439382,5.152010782824823,7.18331175372004,52.63826289298013
263,42.58732659930927,6.077511984892738,2.473403158190833,84.60056279733274
264,64.7561235866571,3.1586528138412673,6.406151835488874,72.8964497217014
265,72.4743184860684,5.3387216480721555,6.666004790466192,61.32608130180529
266,62.52216818035151,2.1725710061900396,1.6269974380856589,80.69851531626163
267,91.32411303931636,4.7775478773026,5.650853124527563,62.642905912505555
268,60.69858622039367,3.1921847170704205,7.716269109786077,78.88158771722112
269,70.59955513303017,3.528940114820467,4.988956645359419,67.96043734913451
270,76.30740577286092,7.472186350420875,0.12103116776107425,91.17761133059095
271,89.41273289066116,7.182620241188538,0.09038469079292177,91.03480803833897
272,60.6413784882056,6.218276241814354,3.570293439700122,73.86751990612007
273,86.63163752154959,2.815374470654842,9.26194068431782,67.54095546675077
274,75.10233061019586,4.367183100610396,2.286767796036088,68.12798982795474
275,65.18491348952048,7.426195399958367,6.343636888716872,90.2857262834109
276,79.6210347426327,5.28343382727981,2.2207587069332058,66.4089741398806
277,76.9905969557347,9.63865907996339,3.216699896595486,60.4529686853423
278,68.99783122841205,5.786635678788744,8.48042089601484,54.234417093765344
279,75.69802084990019,5.3840982329800635,7.288614422699469,73.33465604422042
280,71.14686403138239,4.3817670715949975,0.9539927731321063,74.10660494599209
281,76.13517345251248,5.267081809564565,4.287020209864336,92.04543552014536
282,81.62130674521046,4.695060327238912,0.2916976364526447,61.0619348223032
283,90.86016816145352,6.416217353377181,4.80890146603009,69.04956368341999
284,62.62184501173151,6.913404633589169,6.62434011701068,90.42028694468455
285,96.33033374656267,3.4280210789841012,1.1850262359815156,91.18118053744868
286,55.47912200477498,2.337534092884444,2.8888493890916567,69.23055379893842
287,73.48214904964416,1.3275892537934069,3.9783662550215695,72.95620116433405
288,80.88317206484577,6.015982653825088,9.195310246560497,65.16429454246415
289,77.80991867735032,2.793266787652253,9.93255015422964,96.6277439209656
290,68.77300480179406,0.6942188140950343,0.44911298995615856,55.932188287079015
291,72.91877749642725,5.7771572090619285,7.61007923495392,96.68747115007349
292,70.06999065341168,9.985999034865582,3.717240664023432,84.19332259176716
293,69.10635243055789,4.987858176920214,3.9245818622948003,76.57860763433656
294,83.49602097021025,6.676981548903283,7.542649733470227,51.632953039224795
295,78.57015485965047,5.16365871709513,9.184264321454087,73.77980959110042
296,68.07090404739346,4.8022206936177145,9.509285945025484,70.38740525013661
297,83.9959987543325,6.838152965975537,5.771225860383208,58.060940598756126
298,78.07299520876609,4.419450911622698,3.571211593005028,82.82048017503286
299,83.1286211883896,5.534784628143806,7.875490858587792,98.55754536841428
300,81.29628841923612,5.643395612392027,2.5100138326230024,78.10944055322625
301,66.71004989077927,3.6638190927139025,5.640740288335177,85.73766382219729
302,69.3981895980303,6.984084699073046,3.5857846152487314,53.42252262830084
303,82.47293605123262,4.650080486609182,6.566310737078761,70.88334979084973
304,81.10370265433465,3.4885096810143104,2.403989128935069,55.81792425822479
305,74.79098406035853,6.073019687140807,1.9159294573482577,80.63979177682552
306,76.17327383308782,3.2030640364179255,9.182390866754371,96.92410791070773
307,87.77664895788425,5.056362314738257,1.018036829495369,83.08888662358193
308,69.0842861116417,4.981762006711593,5.059579077349317,53.84015241572108
309,80.47097381170038,7.171791131663156,2.208527829630089,67.73331024925415
310,72.97807347566106,5.949396465759905,0.3892996332566745,77.53316897204257
311,72.82318796772779,4.949946082509713,0.3601881829142639,70.16038780666261
312,85.9877685198719,6.635532598400574,1.7522177210582734,91.68220052375861
313,83.2541634898803,7.780415098034627,8.667703545060002,90.73355023549945
314,83.13509636000639,6.115620612703724,2.8247874397702666,80.59155100516108
315,88.05478807154329,5.0207052396867615,9.504591705752958,68.67289725663527
316,75.21003841632759,2.376327535299681,5.816222929891936,62.7668186881622
317,81.81952971294965,2.869772673849255,4.366141897687661,55.293715910656466
318,71.89733243406543,4.389550591290664,5.800888346694546,67.7448841743277
319,78.24166352488442,3.7809755956814337,5.166983852262677,70.65862586038597
320,73.69856945632316,4.626057394029108,7.587762537573251,83.79114625520367
321,75.96995964992718,5.113299849794214,2.8249606597285224,82.90799121487868
322,80.95157025436913,6.059385508713461,3.530503916003024,53.50540698206285
323,66.81779316766527,4.859002443881818,8.940943025332507,69.76296577155789
324,95.9238727568546,5.9730032876524035,9.464565131504054,59.0889433608681
325,64.93982618500299,5.12894882962024,8.925582274864745,57.840635265840284
326,62.85811387212268,1.0490668672922574,4.194479939573136,91.36510748686229
327,86.58110873500068,3.1213292123624914,7.803655030068817,52.095760835812875
328,82.91662693962935,4.7118248885567695,4.763357333010988,70.95914379510606
329,81.24119817052156,2.580610514317785,4.975398521461022,58.41018278832591
330,81.2834550926428,6.199857459992409,2.0468010905728393,93.9665107839237
331,74.87753227153085,8.061501664687395,5.911303032585165,77.85202566375176
332,66.02745628514168,7.437523703394634,1.8613589775334793,61.569031818842404
333,75.75804558193727,4.573114258139584,3.3156469906719375,75.12136435831883
334,68.22838288487888,7.9814522736999045,8.550302016199351,86.5743179851558
335,84.7511973341775,5.297334914404223,2.0707580921085524,97.9059004459717
336,73.52942618497862,4.325828057763921,0.7115828517343281,61.02230021227095
337,66.74502803207488,3.7731946729181205,0.690075926128163,94.30908860646726
338,71.78614158347007,4.395060627023743,9.407845205031078,96.71520570837451
339,79.12931454275625,4.223646362917543,5.069204379618347,95.82102722660332
340,69.36275447196026,5.340832444750975,4.094120718170183,81.7707178430955
341,66.77779604433569,5.3211479620997295,8.108785810079183,81.49103272173538
342,77.43687211491913,5.006092040306829,8.35825927910516,70.16053165919114
343,77.44966571108722,5.8738763394927,3.321910331156046,87.6198941151894
344,69.9305682462887,7.381292549572683,6.936180574737953,76.56470091754659
345,70.28961694381677,6.899108270882648,7.711228158518866,83.87190356141473
346,77.32049937357637,2.030204063100193,6.546506868659545,71.42289519243977
347,60.51915658502676,0.0,1.5159507480009937,86.57482320215695
348,60.92536225623445,6.868639822478547,8.75883083517057,91.22357588022746
349,67.81555778747564,2.266242603169158,5.390945527360087,57.32181283014081
350,72.86552848288153,4.550469196214633,2.8247242637000367,91.6464857787114
351,78.10907565598005,2.659773947881281,4.252281854376939,77.01482658951537
352,89.75356216949552,1.3960391248399606,0.3757109039890738,92.23329545451122
353,83.5765962320202,6.082925456409576,1.2786680122241756,71.56508531705073
354,73.40061470036574,6.518310320605294,7.655467505158608,68.95202426915175
355,74.80983792097311,3.846979198546561,0.00011634755366141114,95.75303662586111
356,64.97470635362191,0.0,4.165658284822921,62.55846337742007
357,74.8148686400761,3.9075111034950343,5.225101810855884,92.21061626430716
358,72.11341361079862,5.783608010805093,0.546344200009723,74.2010286254702
359,78.22718560338089,2.0421768624517425,9.730781629723328,75.70477212756299
360,66.72769056447677,5.3667198395583116,2.261253312496719,65.4234140744742
361,80.19346514241172,4.969380301654009,3.0419871963628085,78.65211003095078
362,90.32738913002578,6.158582999202177,3.0394251225502735,66.26055981381057
363,73.91239851543142,5.239160736828307,2.304166621173499,51.96347071208262
364,79.01711722098942,3.0538621182368892,0.01473822086311416,63.5999302672178
365,81.90143991711112,7.393143003328983,7.293447940879964,50.31895217032953
366,70.98779528114164,4.68294085394606,9.668454997992853,98.91773935284283
367,77.24092481810416,4.945390920980136,2.242934832850451,98.28736049098737
368,75.12592400781794,3.133464081853608,6.630471918034225,69.75776487361526
369,75.97676098548831,4.11343549761698,7.418963269587151,86.4185427169823
370,67.26990216144533,3.2303945719461984,8.484253790905248,67.29030492052125
371,75.24510174258943,4.654107880153154,4.226291970136091,83.5546578542988
372,79.9799829124545,8.423416960284687,3.0293090564042924,90.27150215229895
373,89.51143607795042,2.2561977141372873,3.252951340230311,97.33781223461204
374,84.59270826085206,1.7728772042465177,7.126213330985128,70.0106137924836
375,96.53182457511556,7.942340654987217,8.16779466505636,89.16489914780239
376,67.3265243711195,4.581352645696268,1.8161396775660266,63.29642253160594
377,83.72320636720679,3.6618545226801666,3.7094100815776523,99.51661518968243
378,76.83342005738352,7.079809374792153,9.0194019674915,51.288479938217556
379,96.89802933217672,3.788768920526272,8.066935196947393,80.17644032505605
380,66.91701714644849,8.652019427093872,9.848584027624758,82.97529908256635
381,66.60278157819224,6.355851742678539,7.542482596820808,84.40227785370644
382,69.00607354555977,4.024177183708595,3.9319520102792227,56.01937893945445
383,53.76104275690193,9.314616426531007,5.906378339946378,96.92648917365652
384,69.74244978319238,3.788570153993323,6.610142542473203,59.059163952504136
385,67.40867338446301,6.484190744018614,0.7845581631712395,81.13767016199205
386,76.50393786476208,5.598585160812984,5.444969591038651,61.133803956154246
387,78.4175597577716,7.603482578797596,7.093208284726096,65.36082085106355
388,93.76170839215887,8.123022393453706,1.6732130400106038,77.32292708640622
389,84.5042383818605,5.064008298131533,7.806317174255572,70.85967092822882
390,69.23096344337597,3.4931642593076333,5.8377278051411166,58.01128004882531
391,66.01585328651642,5.919944285878233,9.522217856975946,58.546820121042416
392,79.91919171506505,3.6445692604957878,0.42422298206891695,70.90723940813999
393,61.797667929793576,9.026774495053246,2.6532613755546697,87.86414891377504
394,93.31458765854353,5.273070662165475,6.015538792998241,94.89823234238943
395,86.79440120721287,4.269356897375783,2.9655991220593068,54.20638311296914
396,70.30824347895295,5.3693606117298165,7.144241640712422,69.65519537797005
397,57.868654709091224,2.305747420940607,7.59005282521931,55.01227818614383
398,88.53872374165412,3.056771922978697,1.0251596406647445,50.82962403162989
399,73.85460154747382,7.400827815888851,5.138544642067677,83.08593413219782
400,87.37816311973462,3.6862114420572087,5.088905555910559,80.12247209832938
401,59.05572341205633,2.906178034636121,3.6928077021554104,58.15095569074431
402,69.00624977046228,6.073305505054572,9.32924862569672,61.690641654653206
403,75.05243699718183,7.371408309325994,8.275063198732212,51.18538768222592
404,75.46980593764742,6.437906621330134,6.972093819096368,91.74736028472019
405,70.49934528520757,6.992095371611633,7.143266357349976,98.73452980242757
406,81.22849932347499,3.4864098228610785,4.617161438131191,56.77297683973454
407,64.32379570617405,2.1563786665163125,9.209945210965758,61.573760688264905
408,73.57620514978707,8.002667303910973,6.945954272532854,93.4204761973467
409,76.20295631711899,4.354640322315729,7.289810616558165,96.32318989780924
410,80.14438834058748,4.498333967089906,8.616909037873452,70.98136914034052
411,82.11614878088889,7.656388283698115,2.74071589342191,52.53112361345371
412,63.75357908162131,6.11246001880132,8.07070903866703,51.96959168464097
413,59.65885829264378,5.911775544163215,1.9524060295649204,78.69749330345053
414,87.7767682189851,9.330004689802168,3.453419522448878,69.64475544465895
415,78.32314011979592,3.712963539239714,3.356104542698427,51.43262137888273
416,67.51513463443446,6.855680256162474,9.785254683891406,79.16261961562785
417,90.51151975522524,5.114026249794169,8.565372237479268,50.565126829451124
418,76.15674634292859,5.537184557726514,7.011698615902597,89.36859790746365
419,86.79297184063826,8.056936852825064,7.270567616153901,65.32164113516858
420,75.67518481410109,6.015671512579248,5.6207279440257105,52.012900150461604
421,95.60747924881987,6.076592158099266,9.47090667108519,79.41761104915767
422,92.55340842443204,7.145014674619604,4.962587528823615,69.88422072165274
423,72.51035851520926,4.270094540914229,3.8051770986989455,98.69002066785748
424,84.71570950954356,3.3215806653219873,1.63035336931591,77.2099331251851
425,81.45375949585147,2.910381611957933,7.86205652261058,63.76195905185041
426,88.68631557532349,1.0672868212479965,7.344439320755915,85.47194323169873
427,65.35076539419896,9.112414259880644,3.8435503852413486,63.57460012713557
428,81.8605145999844,2.7935832685566337,0.2519341395922936,95.21216457037826
429,85.58424486849587,4.557492752828456,8.389973277180108,68.73609852536882
430,57.41260513576886,4.446373400222159,0.11417983454073632,77.49342813881026
431,63.16741487334225,5.614813395618201,7.0369977962905095,52.52865519121144
432,54.607678222398995,6.6314744250785935,9.70257109726057,71.30606189761154
433,72.30593165555442,6.720946976719491,4.376613281482035,91.61817698304975
434,82.17542255795962,3.8338451228621233,2.349734049959528,90.2824402681671
435,90.02357052096028,4.665756572427177,7.0487101004338175,61.215927942676316
436,75.74094780419775,5.5651599009765995,8.171281420155852,61.303953550528135
437,91.28615545571292,4.502617747632906,5.464303160778473,90.86526561066184
438,61.198985417851084,8.214691152039986,9.670352752561461,96.51992100846627
439,57.96617560644845,5.981949903276503,0.516687216579611,54.768046063650175
440,74.44452301103381,6.4697555720996345,5.047955983045282,72.50293197131126
441,78.84065448939307,6.325762537334826,7.184539473225501,66.87271394821144
442,74.67305251905907,7.34694771497065,8.626404711491789,93.53442277287198
443,54.325578999601234,5.3620431174074135,1.7925561190779005,54.176245734000936
444,74.10879960487212,2.406336104088307,8.000034817636815,60.55629712790187
445,61.95530499495147,5.799375903505283,5.527070757185452,87.62341687932471
446,81.69672548830039,3.697286212416342,3.965536819899632,52.56469244906078
447,78.66598246096848,3.9427666365004863,1.3171502857909356,74.62676903571446
448,65.60120213672644,6.172728037510186,8.652957589089125,72.105351733986
449,69.86133082663306,7.476566142867272,1.5727320817971535,66.72005894943743
450,64.40786478111049,5.042543153472123,3.0978785920909924,69.72861576594619
451,74.37320902726829,5.617666025197927,2.9004553196243688,76.49702934651165
452,84.55142320501238,8.404429889270476,8.714140341908543,58.06836791941916
453,65.14273953664457,5.4815063589771365,6.72702994208898,78.59979391417964
454,80.04046515517844,10.0,7.966813971913723,90.27161646499931
455,69.69742381627559,6.1310192912630885,2.50467898792499,88.00804648950796
456,67.07127167737656,1.4784744816883646,6.248740996069989,57.69499523468868
457,73.92969640045442,6.506683242209065,5.717459831437487,57.462473487073694
458,64.64757677580626,5.7623167697655555,8.32830376788271,63.40871838724567
459,69.46350694652818,7.579505508165491,9.060870604812605,68.05373631705186
460,63.021221074111516,6.346362702539917,0.12156771477386807,70.42277907042413
461,94.6472513291639,4.723088032032452,6.740199190587926,83.98486084166726
462,75.35263551971728,2.5514035274212685,0.5183579911972902,52.83402160829177
463,68.00274492007415,4.58195348542795,5.488586650773559,51.73363521130332
464,77.13979910734221,3.2989590915813998,2.876327290436782,69.59552814719545
465,73.8767195030917,3.8389531003905546,3.067765995221412,84.85818460689902
466,72.79030400466777,6.177156808841219,3.5295850345235658,59.67176714782413
467,81.14166700043425,8.339809008702812,6.212924490496102,82.0752240628126
468,82.57507710047305,5.7893430596459625,3.340499656687692,62.991406897014976
469,69.69498852389472,2.6082338759296313,7.326990505902804,94.30430544067582
470,69.2418175935532,5.889205336440281,4.045273855738697,94.78449721333082
471,72.24948302848355,7.393262973291302,0.6835320030995862,64.86436021406632
472,51.980788352644154,3.780434191361236,7.837598424841072,61.49968769816203
473,59.84808937801448,4.7319656666541645,2.85758324592706,70.56519860331156
474,88.66874267444524,5.0293763894583945,4.3276687959926265,62.026579259007434
475,91.44967713501283,3.43020337383552,6.8544388322190155,83.61919216458517
476,72.50963960443622,6.2965608676877185,3.32456157148712,91.30323422741428
477,80.76556963055766,4.758103702784437,0.5658565614671562,83.65460654556085
478,78.11250154543536,5.839064887814056,3.739210470128136,91.21752236246748
479,100.0,3.2250156443958,9.444485826943033,69.84960811037371
480,86.19574911434577,4.125083399353179,6.417343972985582,57.815848535443045
481,73.72082408519233,6.444762715655543,6.71479148667207,86.89754736987962
482,65.44459559399574,4.254333695816466,6.322821536376399,68.0237252570777
483,58.93553679742428,8.45392770246681,1.989921389594368,83.56354126145663
484,77.03463635867223,4.200727628770795,4.183338641022801,63.53219709908828
485,67.43649254715697,5.449369451503772,7.509397983633183,54.06148174033363
486,60.77746290402326,6.8651816637461796,1.0137289755315915,99.62908977438818
487,68.53427115757474,2.1632685341339366,2.7785277608971226,57.81007539652997
488,64.18451996385605,1.4783823760384482,2.763191084658536,99.42104969817404
489,91.87141635072564,1.9486873708598105,4.32018927594506,98.86399662832235
490,83.81639756949451,7.525168206854364,9.803687409421851,89.69090519540198
491,74.92027358683383,3.8962837082151065,0.6750254668382194,82.97114810409988
492,89.79944138890026,10.0,5.1870099438059505,78.89035251255423
493,75.77368307647619,3.871504802685223,1.7936468201221045,93.30507726889174
494,66.38715798671737,5.369102606394074,9.706765454097441,64.4719760809744
495,90.23124077269657,8.08421990513575,1.133035047274642,73.38406062424386
496,80.38910043684659,9.012185776318246,4.036010023615912,80.9694984683251
497,64.62753845673544,9.123007153272795,7.378849848346062,70.55952379347455
498,73.09661321916391,7.416732461186285,7.045544280274453,71.3743227045134
499,66.24381746615242,7.048125051622925,4.227286368939323,66.51423337510423
500,61.172002690356635,6.185053898402366,3.4652416795271823,78.2115908342268
501,84.26177547531641,6.5567221523332755,3.9761237855287055,92.5287264007558
502,94.0941664047013,3.897628567342933,2.642762631586393,60.076418900315645
503,61.01432426180859,3.363602233155386,2.053329387067998,96.72165193767208
504,80.62969236690572,4.993251085178096,4.8303969755889,84.45438268741148
505,68.49357430878173,4.659630754950143,2.685337560676073,91.1636606340015
506,70.12874616235304,4.093543901345449,2.874616648972501,77.80953463150058
507,69.07606075761132,6.392774894913431,6.56756063474557,88.97583507120316
508,66.36009230320184,6.910610417141021,9.685373316998922,50.81001986697336
509,75.48521627944827,5.176813772583695,6.036372005593751,90.91902123897677
510,66.69049883588963,7.955060162110524,0.7697946706496628,52.006942954268325
511,77.70456825779839,2.71662177173299,0.7558361385406698,94.49566881814312
512,74.49761890550863,4.612681081440564,9.51423220845566,99.59813736193217
513,72.6105195313359,3.5663553587943904,2.9729079030733363,64.70337310883889
514,65.92436337958402,1.26692676585388,0.9206698608247543,60.51592781428968
515,69.23228669431667,4.834638628314601,5.990445871503816,88.26816819290204
516,82.55391225825755,4.756504983233433,6.236487782902661,62.651317046012664
517,80.00917187624381,8.026899486484261,6.485048201186881,93.27811915861017
518,65.22444755201448,6.2616233691095555,2.674020278575413,55.142129607873834
519,75.99332305429226,2.95162635134159,0.15110684214475034,56.29775981896791
520,82.5138712337179,8.708185132668376,9.650153694544718,98.95757775503077
521,58.305947188786284,7.442067391050706,2.508930456911025,83.69194491350024
522,80.43360192379934,6.164195406937232,6.760262880525475,92.34436122144764
523,68.37376241054153,4.547031802300336,7.0662986987870955,66.2164688675759
524,80.70598668593159,3.0811215265530407,6.100074170794857,83.82418747603022
525,67.36740843457483,4.255586447857894,3.129073942136482,79.71209136542986
526,56.95117899335481,7.177497239408372,2.7109625376406576,80.15750600614734
527,58.72457562116837,8.769172611869218,5.976682827027031,84.12662297688607
528,75.48084946661382,8.086487056544378,8.660956336116914,78.76795865645494
529,77.59722501721483,4.022301156427452,9.467337289233956,71.4531184651333
530,65.95683374895592,2.7607651334219776,1.0590580440375763,63.79613471902734
531,81.38592458777374,5.281772493822408,1.5482861259771985,88.4290665456601
532,58.3847993773104,1.4631212688742967,9.447362587830796,61.313621500159314
533,74.33920201352683,5.646335428369563,7.365352283347926,84.61771530772072
534,62.889838002375434,4.7047948274026625,8.829938248297731,61.66664113246633
535,68.4816389219784,4.067926996263515,2.026326341353432,81.2665084977227
536,75.47398671316414,1.810593865466409,5.875858711094018,87.35391335645144
537,66.39586634716048,6.027200213139433,7.011395944174737,60.93569444532696
538,71.15444455770175,3.9345983206761774,6.801118854469727,52.997165043065415
539,85.0629280921444,2.660166328579424,4.081516908666981,56.548687149708705
540,69.23108130476851,0.0,0.15394891691308477,80.29984836355128
541,83.35692112065142,4.9449701898987275,5.829260568042631,92.47232031128678
542,63.702931453423815,8.544503193339487,2.5310153917960876,52.24984106177122
543,80.29804177915283,8.32251842909574,4.502542461428903,86.70756295208231
544,89.41568620657901,4.0858074868274565,9.575810150838173,67.0659322975026
545,50.283554998727105,3.7955758792764387,3.990353176424347,73.92641849597612
546,67.03104744529523,5.937548512150047,8.398016066644267,96.44297749227829
547,80.7707212718054,3.0032291216234173,1.8854060574925113,66.59857523679227
548,72.96954613957007,5.6035837996389315,6.724604980250288,73.2668466969743
549,78.71145873371309,6.53216055676938,9.770069544389434,50.68412073803405
550,68.9601481328418,7.453866447768615,1.018931008729368,54.079936000241915
551,75.865897874729,4.799691847040094,0.08319942227192012,62.9295795567392
552,73.44322764607921,4.592652499646068,4.335827926326143,51.392612041053724
553,86.67782061659807,3.244034826486878,0.926254830513672,81.56876630241254
554,77.54420843301213,3.3462392919202797,7.483843496762313,71.31991784008113
555,78.37602662075201,4.547042216196947,9.14548663848559,77.4072601364011
556,70.88123033877532,5.734731013632356,4.340209727087588,58.732359294816476
557,70.12393775927507,6.827169252466499,2.5871164215544096,64.79660147183081
558,70.6744181218038,3.3936420986393103,4.344033190066098,83.19122374263625
559,78.94452142378297,7.985377137919043,7.2344781785000105,98.26513618151999
560,70.79015519179737,4.457752797914862,0.09054161580370979,52.52083868011046
561,77.89774856896413,4.957265411303128,5.894539894846972,94.5192160427633
562,95.75400798645438,3.5055766417043532,6.132916848873791,78.84406006556043
563,83.71124703431693,0.1515194794541168,6.376882468959355,78.19597833778118
564,71.73976467832159,6.7680907927220995,2.420220799808772,75.01392676038802
565,87.01213922163944,6.473687794184867,7.140527233781268,53.46970429520917
566,70.91924626978448,4.437344885763573,0.9139148633177641,54.493842586808036
567,54.61875464822146,5.133981434449744,1.9927033646680081,80.0456002829543
568,64.91913689082595,6.031878435408199,8.77470046654482,67.04792857177792
569,56.29208078974145,1.8749082862269146,7.387231507265664,95.86340332888403
570,71.48486515958692,3.9418946453074106,0.1374555401134525,70.32952686797361
571,75.18418379189552,6.588529359243655,2.4837626036980023,57.164072935132054
572,91.76437312275283,2.491421153661501,2.1440648299316454,85.7359416751018
573,78.26927373764163,5.587115864333258,2.7080632803697258,64.6676710720505
574,72.80899471191135,2.28683639075319,2.475597702798864,76.27351536779466
575,83.2940558118349,5.932859964867053,0.6252629574284574,84.8916392752585
576,52.88864690992115,4.9287170354050325,4.589405165968204,95.01320556010353
577,77.35614558108566,1.769736368188981,7.327334747861651,89.6095597400838
578,82.70865193886966,7.329478708914342,6.067317247174364,83.8180533936362
579,60.214137542201584,3.5308168464039014,6.728716685980798,83.98165911975718
580,86.43754043206928,3.3794951259712382,0.8114917853623915,97.29623220160433
581,78.38496407494414,5.401138394461886,9.514907101767871,64.7912048748268
582,70.84712086099199,7.29727469885743,8.384918338430248,50.05560470980937
583,81.32781866106285,2.968356362043206,8.050903184956628,63.59772796990993
584,97.70692857804396,5.123359699695944,8.229838050417674,60.8945689813372
585,76.81866255058495,5.857633000661146,9.327105081327613,83.0917292556999
586,77.48220586300336,6.386211214526288,5.442539661136977,81.68557998827646
587,70.40639100459757,5.35288311055445,2.002820178676259,79.67306913523619
588,66.50155630535208,4.265944321833356,6.167836078525411,50.812172160472684
589,83.30335816544246,3.344819558702561,7.42881493667939,86.43890272253238
590,66.43916174091133,5.172287766092749,7.379173933540254,66.17652062427457
591,75.71566237219392,2.855721976028786,5.214490241668801,83.25279945033157
592,70.22342553234883,0.0,0.6845871933357806,77.82892142510767
593,79.78979825746391,5.873119608315336,3.7111293843012785,67.13654627139536
594,78.33662105286949,6.807869682172391,9.207666084633573,56.72881335520539
595,85.375399442579,0.2741351289163232,5.84448909757426,54.720944883024046
596,69.89983601145254,2.980538590580125,5.383319432557134,91.57591665561118
597,72.30125064706628,6.238308522010396,2.688535143821935,95.9198771040779
598,65.21236284217693,9.114990939423397,3.684489199165789,82.48940233821497
599,70.55706739923889,5.041587415350816,8.953460891531693,55.17170574302417
600,78.77300493044852,3.543994117541731,6.664630475268357,70.10136084441203
601,82.56988616645351,4.63420711779032,7.873870267523328,86.44696000525786
602,65.77834675822375,7.74975283829637,4.543454230676551,88.99104420050341
603,83.6960592010566,3.708071641750929,6.302472194561579,55.91093111455443
604,88.55637858804951,3.401615986699493,2.483836087432075,50.00153594226912
605,79.13434903223701,4.034512955635935,7.054608302834863,85.60685229403025
606,93.76795812558066,3.0933427834825755,4.276013337033373,67.82980879931029
607,67.26210800896428,5.245340631989591,4.4254551481474556,62.72406658091301
608,62.55345296688583,8.24935691693912,6.493223245768816,50.644873489476275
609,57.212797510957216,5.6461585462320585,9.362806214689266,77.01497033807499
610,89.96044311489183,4.495292995747425,0.6400634660862092,92.55753677129908
611,81.54365656354058,4.416377462168912,8.247432373470076,97.8815823136294
612,74.44415329089544,1.873618382606686,2.9238311041219314,78.28724753066446
613,77.7996862631982,6.766219554294318,4.439194545063778,75.7230663869947
614,63.74510952701623,4.8443256059743955,0.21913328775008956,54.252819274462055
615,99.45751979616827,4.639040172818749,3.0104607783431305,77.44364007712998
616,76.29221181975228,10.0,5.026312426301304,68.99895394826973
617,76.09394794604893,5.597505816731372,0.5617607734743901,80.35676404417885
618,82.25766623898691,3.4964178998096314,4.910957293831651,69.43631739382734
619,79.81009231736714,4.147284807588913,9.271106288584273,62.01495617251834
620,77.23884024279131,7.29689141839351,1.0539321810780522,54.748263761418826
621,67.09525544554688,5.226540821075529,7.644407280755043,65.74592222944479
622,79.71468357135996,2.1234440433652666,4.096710533759927,54.832241714387614
623,93.82024496475034,6.838457869150407,6.55173714524338,58.8448475411992
624,88.45420046154977,3.663711828922012,2.6023659798522933,99.3668079289773
625,90.93186626639397,8.74659555243509,1.5949226254135829,72.20517784533092
626,69.88784323568815,7.160096131429297,1.6046261427122643,76.59358832525083
627,65.1039517974142,4.1053562086824975,0.7049194564314465,93.68092643686077
628,73.74213079900352,7.562032723470226,1.8564670490124302,99.77844502453439
629,75.55724912288694,5.1357110210548065,6.642193849889683,79.13572246723407
630,85.94191518470949,6.705547350244439,8.81690611843508,90.62369105220859
631,58.07535370285181,5.96946563458895,8.141256855911617,66.34705121683376
632,90.29550319460614,3.3072866900182527,6.851343098744841,65.28719787236456
633,73.4199210142101,3.712900335365076,1.1043186341110267,70.135186049728
634,70.7311893005258,7.059921635162322,2.8918744629594983,83.62536313368246
635,64.87895624739832,4.330449335786918,3.0980687532246898,84.10958446275494
636,58.451433281342304,4.1927030735160065,2.4995694639762123,65.76197173247255
637,83.23170583961914,3.089754841301294,5.150056597097231,56.66049620683143
638,75.73317967188405,5.847198131186922,5.355538148796725,81.61981282327542
639,62.10039100258946,9.12504983848629,3.568859751711102,56.41629310943823
640,62.04921227936384,2.8649341714914542,3.53789158736436,78.92462541146651
641,71.64215300709871,5.0484389133455165,8.285555979060813,84.67110640281544
642,91.69021525289392,7.8244411108308585,7.892928483196856,85.03057481972257
643,72.40408648636395,4.84071721750857,3.0779583168074565,87.67360553297983
644,59.96857046881894,5.904743592499468,9.137884438732593,93.64297107828322
645,72.54256935914056,2.8752129437062406,9.52815017002506,74.99794959823942
646,72.2727643025233,5.856614194415297,3.267425420300408,86.51245947647857
647,48.03113357058429,4.625711469990902,3.5442494879305486,80.95863676829184
648,74.45705133482188,6.971459991359726,5.056341534219588,59.33199698988413
649,72.69065469791322,7.374772103129502,9.411208125336735,51.28448224347041
650,81.96206364813418,10.0,8.763194331423115,64.22706928384669
651,93.48956094945345,6.1592663464271515,1.025679625835898,72.15168531688097
652,86.26565029547757,5.6515926331643325,3.927307432714162,80.8552972214328
653,72.3111130944517,5.388768603154672,5.533711897497718,92.49796652516027
654,63.934740912583294,4.293667414378623,5.0313247255154,59.81228583530828
655,100.0,5.6769676869233825,1.9386306793689267,56.277489494923856
656,75.59218434014488,4.409197179721941,8.588167711681546,98.17399737371638
657,75.13929291912946,5.336921952539228,6.769407829968373,55.402227968820355
658,74.75874912889996,7.63519507121592,8.379083748518037,73.92455350535946
659,76.98084760767856,2.9869148694407177,8.587642793494721,79.27818643966509
660,73.55639588076058,7.279757122258091,7.483558536657398,77.06872104537192
661,69.26337993119763,7.634230134679731,4.392106012497173,54.30160785164716
662,69.53141058759608,4.763862946017842,6.105467550154246,52.85134570018097
663,74.67246729784002,0.7562902019828108,1.6036540611974315,55.274171373051786
664,69.56575228866235,3.7843560258111353,6.736454174749077,79.27938419363062
665,67.87154217322836,7.593989093122218,1.7925325573928075,77.21724438171606
666,76.06430227691897,4.954263875402236,6.939495905101568,61.68703960183721
667,72.45022782579144,3.0013955354101785,2.2959816075396864,81.88870709227957
668,90.0399298858269,3.990450157543565,1.1755130015021997,91.00337510278247
669,48.49030191606988,6.681240053009106,1.6528449014295743,52.07894799232969
670,85.91506851922462,6.093467136402759,0.01992135219070268,74.90649717740212
671,87.4608519249763,4.522135801660611,7.187396178535303,84.46552060513451
672,54.2660976759185,4.266351176370625,7.324010490583791,62.61559635348436
673,71.57312405919652,4.216483701912356,5.149333499132594,65.38854526465745
674,71.28559134004209,3.155179631002995,1.613628010553837,80.6818951494692
675,60.924883052821784,8.230751378938884,0.8355433751068975,94.89676467218685
676,67.22183312409125,4.35535906157732,0.1912896643728701,90.49622101514497
677,63.894241545341714,7.434317041650993,1.657481769652207,79.15651095497918
678,92.52270443423623,8.042632103844902,8.908555349831467,86.51108588786246
679,84.35678393147461,6.996621796295921,2.4153684170168175,68.24112351038994
680,87.71555094994159,4.136759374563903,3.542713272172157,82.0482764049379
681,82.21672064043236,5.807460180673219,1.0534548448133318,73.30907955637785
682,63.70948228782771,4.951608787218167,2.223613047481703,59.49680682287804
683,69.75479733720226,3.1925962785397437,5.192245707802051,85.08691369386287
684,79.89374561227918,5.6487185634432056,6.077526830956526,77.82323186744111
685,62.778721911080545,2.641920417680395,2.4535231416621106,67.93107909767957
686,82.12998430172388,7.375358776923127,0.5773215922511721,95.56695950393154
687,72.59674601841866,4.070765405403214,3.9103286912739863,51.046705891336664
688,71.25179192450402,5.4023193117456785,2.342033709263341,65.7886575624748
689,82.10959968203491,5.566575743092284,2.195539232298019,52.84406988888233
690,79.4426331148604,4.482190052591846,9.598628027134552,88.32636581108136
691,71.3903383418092,6.17338760295055,6.16300485925724,85.10537270568963
692,86.59329803364248,4.050192686754951,5.5687844317209585,66.56761093681585
693,64.18936672400102,6.742594594914488,4.157751035233219,83.78314511035364
694,81.15935606944264,2.308040639506503,4.289443334301443,69.79686130979749
695,80.93101257968384,5.2527591590928235,5.4090500383808084,87.81268957112172
696,71.9045356068601,8.87785799811657,6.964298070361073,72.7091831368353
697,78.26133022242118,2.9993373507888506,7.021460961818295,70.61398639158328
698,62.488864236146966,3.644510058950297,1.7169390770544957,96.73649577441505
699,84.240270192069,6.02781569931783,5.0011275207662695,62.543954994535014
700,73.15097863557011,5.359163563879196,4.119580950341019,56.02236699982827
701,69.7727697948096,5.701260198547119,8.705269662693842,79.2271556629729
702,85.49009225836889,5.978374260295327,6.314189212183764,98.46609061420895
703,67.9565630945724,6.269442937123539,5.325040664159818,68.89196068635934
704,60.91538703636441,7.219399683912446,1.1539464217891737,53.10183818143908
705,59.433708264760966,5.819637313857025,6.056378893234115,66.96526336547836
706,81.0600995134564,4.517484690762915,1.1720390568023342,75.29658271597792
707,62.19570647503717,6.345147402405463,3.3720657556575206,58.09615033161069
708,92.54794181984364,8.799763869790432,1.4284196481433187,82.9051109028246
709,54.18070592116278,4.7347325072348525,6.920736470243689,99.88746945051003
710,91.96456368290038,3.050941390658717,2.062521138361526,72.58697379907218
711,77.11017467202619,7.214161338573946,3.91859373188026,67.73642783651063
712,74.03286888129608,4.759237672092803,8.956747776187786,70.03520834172333
713,69.5508091319105,0.6546609079719277,2.043163833989703,55.75730891976006
714,78.9913611435207,6.694843354300843,5.078050639587791,94.16368007131119
715,74.62365297575151,3.9293436280921545,4.19271661166022,70.7412827760676
716,86.03301882016521,4.818933435391679,0.18124041045729733,69.36372057124207
717,76.1422764866204,5.663960661138029,7.927581135728127,82.98451364652371
718,76.50301761461877,5.380999359558133,0.6904590631459973,72.10167104655618
719,71.36387787786144,6.418903634278079,4.7425502097695365,82.41167344039229
720,74.43054376278933,4.129027258860313,5.606782949389499,53.07231450653938
721,78.0780176889206,6.026211596352166,6.284264566145871,90.68616718611136
722,57.89831607343375,4.4809066448321655,6.886316293078756,97.02519764397013
723,61.518145778942866,6.477620961775006,2.532723835227151,82.4382693079693
724,82.43264094022715,6.230734968026107,0.09978776658449373,97.72829644294055
725,76.70865438127942,3.1291225959108093,7.2344366235491195,57.571615718498165
726,73.1601666364732,7.1719642323500645,5.356565993475786,73.87080947401768
727,75.18433933065393,3.928073109771904,8.361177032072488,80.09033669727236
728,78.47581705361671,6.61611559656229,8.213883629006943,79.08683237105933
729,69.60240319690638,5.734574626802681,8.433261677878832,70.07308895445216
730,67.21695274597687,8.676367353590244,4.850946599795401,66.90422046831307
731,76.95845255097682,4.553068035256295,3.3362839583686563,56.34120112752094
732,65.21627222384969,4.301366407763605,7.9155820259137,69.58712252811391
733,79.08252755714472,4.961160788224535,4.51294113029255,58.13304075527426
734,57.9741639576216,4.3936404343314495,1.834421964034345,86.71828382461092
735,85.29155637325644,6.5998838038841,8.549740195614744,60.4415467747295
736,79.72597482413043,1.7673787831268242,8.825598767723474,52.928265264226695
737,77.56029734313876,2.892635161707292,4.663097561401701,77.61830689086172
738,84.82690983945514,2.864394156841614,0.7569972730978747,79.76148663597007
739,91.65474444462576,6.900615183947151,3.8782608991693124,93.59565306402527
740,85.1437006501813,8.42122674516385,8.035376594626033,78.8490806208841
741,56.59125768668355,4.791101562925057,9.017740285462287,67.2740426861723
742,62.204230332642986,4.662356553619979,2.0347274249759586,90.15059407631603
743,68.75181422304321,5.140104326226362,0.6697361202527152,77.01394465937105
744,75.26091050210833,7.323756605216381,8.773504531328387,53.96401423155959
745,80.17659020469122,3.145293731618852,3.894049389788753,78.29252801566233
746,67.74256186846534,5.47673796546957,5.417609642675632,95.40092727108312
747,76.86766764477078,6.95039525956486,9.680658120507589,69.81563127491103
748,67.44617067646678,6.002188339879691,0.6656472791422285,64.81629009499001
749,68.88482197008052,5.379163233197486,6.483180074520956,57.173472850901
750,60.93338903151778,7.002092185134282,0.7410542257486707,57.572276096767865
751,65.76766753889096,0.0,3.7546892846650035,71.63857421709095
752,61.48315394383666,6.3557506390618155,8.038145451934467,79.78399120807647
753,65.24126747022667,3.6918486337451526,4.334722327556344,54.03077025848009
754,85.5364179660784,1.3387342062870862,9.971823539029504,96.97842945125828
755,65.50601111168056,6.022405199049961,5.590592849466022,87.75668087225979
756,100.0,7.747317090325915,3.2116215263595347,79.33119591418313
757,79.93317900880889,4.725102970744616,2.2011132590475313,91.42193354694953
758,76.84836123694873,6.905749094405878,3.5052053428616183,54.00933784060567
759,66.41642219818786,8.22455651597729,3.725332737595508,73.84194388665622
760,82.00309879408991,7.629828907168095,0.6871367772396098,81.50465634308317
761,69.24362173762226,8.279929058742786,3.6957419942677316,91.43264530591446
762,76.22009814645361,6.484254982143785,4.642385197392249,89.17347800246338
763,100.0,5.150867277803186,7.227377522388046,63.85346248566998
764,74.03940100275351,1.796068376205663,6.56729484721608,97.0440084779602
765,86.49273326285676,4.507875023740103,7.087656552291542,56.21729207154352
766,67.96823574874112,3.3135068093676168,0.08363681876857099,93.75668093105762
767,74.65011509503039,9.341885434995628,2.1766739958053605,98.54701248023093
768,92.7080063563551,4.648228375135327,6.616842883998565,58.85767616113128
769,68.73032942212232,5.2464096135689715,4.839893681797472,86.10330321018927
770,93.12448557996929,6.102970752080935,0.05313475668345946,52.01427593889992
771,82.07751935455475,5.087204892744907,8.044946424318223,70.27114125695775
772,69.37533224105732,8.390102080861507,7.728095732903374,75.8141649598837
773,81.3240773905552,3.754701276531096,5.484191629935626,79.0322612954817
774,84.7255444962673,5.389214910474485,0.6646332577627212,96.79686241242797
775,81.21809962217196,3.5150588286039035,7.665150495325847,83.61253436470973
776,59.297752801095434,2.3599549775585884,5.8371358773136395,74.06389756096185
777,67.72862824175131,3.7764618181894294,7.8195997715795915,90.48375181329448
778,72.52481364448495,4.9259264059031755,7.517469923958404,97.52664104772045
779,74.25566570899954,4.1413955509654805,8.03002071957837,51.10330743411454
780,81.20672097550678,3.615158040252288,5.1800806640462485,99.12606361280194
781,76.77701000933254,2.1873650726563323,1.40324518193515,54.306606953184016
782,61.64655641289899,4.83378885474261,6.711574733796887,90.71933896343808
783,78.80197851005963,1.9905592519379955,6.204737850519706,64.01673762757062
784,81.10585745283824,6.520111927379205,7.422531871990872,56.608982887693585
785,80.5979044793104,5.164879505869006,1.698810060507353,71.99278198569175
786,85.80780725554622,2.084897001070139,1.9497519990028922,82.19782897238068
787,83.33922154548904,4.381581845900273,8.904095172193285,69.04759225117375
788,79.59180079228437,3.4956871888188337,7.499777984520708,52.72827041413495
789,74.29834288541353,5.638349020838361,9.08228488700323,79.97305698293583
790,58.39039066484008,7.680900892046289,7.587153211639207,95.12016380553374
791,79.29618219132585,1.2496550607085108,5.971553059903019,69.16076829736258
792,77.07687687163111,5.230052158294835,6.5413273702787365,60.81663888154135
793,77.71578837195374,4.679734408866719,8.891279239400099,72.12886729664078
794,62.232514241796906,6.342680152900932,5.7880675451194055,52.41813555243904
795,64.18943459591738,5.426393256475379,6.323913243283874,91.02437922401374
796,85.53152853332904,3.496061336522362,1.5647671600360058,91.31704054750934
797,74.60444846143345,4.361892128666764,4.739212201161028,79.40002317148142
798,81.81500697372624,3.407948286393022,7.16397111958099,67.65514444691948
799,75.28318376130461,7.152014277197196,2.709426983163654,89.98916822228917
800,75.29756139495746,5.0426232973438845,2.022541805245349,77.73435123941836
801,84.38283805975998,8.802381371506016,3.1382680822441555,91.29661542750081
802,69.83955271782627,4.878678372370758,2.4150062799283347,81.57293962915102
803,75.96120776940984,3.5831864661790744,2.1491263703639585,89.22027366063986
804,70.37724711294958,1.9725712147743457,4.24850842868087,79.928149660888
805,70.65503772567685,1.3937206474881099,9.07838513883534,70.70705341078332
806,71.90827876531361,1.8317281139890205,5.070596467387183,97.89729299630687
807,77.22133771633713,5.534253302022967,1.8792038081532303,77.05569124394223
808,70.21251378336522,6.017450046459867,0.7697166938087407,80.25447592702692
809,87.55756125573521,1.8376185959357332,6.961561451379252,61.024381970737466
810,66.05392697780496,6.790076628152231,3.827987644363878,81.28253947136382
811,73.13128355838641,4.033877896633121,8.218309465853594,78.5803824741472
812,70.60268941725825,5.293586023971098,6.595107686407702,59.241919897351245
813,89.46977884353733,8.224441256510849,7.962414505413685,52.979354867657186
814,76.96554776511574,6.793678631731064,2.7194603941844875,80.21796598573856
815,85.31844539468635,4.4629387041883355,6.9235892246105815,88.18461346751603
816,60.14439626963028,3.217615549169425,2.640619846937188,76.17006854610041
817,77.67050265869258,0.6963691973413901,9.390684794502915,61.338631265982286
818,83.89630795623437,3.56169336151516,6.363742815333744,83.32609883465175
819,75.82283989275425,4.577739522344611,3.245118001753421,54.00528633048011
820,85.65480375065351,3.0256409456976323,2.6951186229227266,72.09168524009773
821,69.82711549899628,4.737486065815391,1.909265850716435,58.16833791992101
822,89.0934744018558,5.153703765917537,6.946409588937278,59.22295255299417
823,97.9889812361925,4.550288036383843,2.187156129979273,60.11469745791018
824,71.37161439560342,3.6999948383530805,5.953032659274891,69.3353528521989
825,70.54497478599228,5.337309343933455,2.646350269253573,52.55751028101988
826,89.533844771177,5.883881299138818,6.619689447938686,69.8896720464549
827,90.79572145730712,2.819201845114308,8.149397285405392,75.58537235573505
828,69.77139972846732,7.82186475949254,7.780252431446532,74.16471424831626
829,70.79813182904142,4.802823735431477,7.608513309307817,69.13920502015202
830,72.18215391139493,5.037699245889695,1.8772240569225207,91.95733040353763
831,61.555494889657226,6.4164288465131145,0.8838494698451871,57.26633462102521
832,65.81348053515802,5.466432262527003,6.989488284873856,75.2848371890687
833,64.95859233247933,6.90627326782649,3.683472137943513,53.10207084782772
834,67.32202434895872,5.574248330403648,4.3234622640334734,53.55778394389549
835,74.65315112613219,3.775125250719124,0.31149092793391064,78.69329248385482
836,77.3421473253652,5.723007050412203,2.595764492750492,78.30092124439105
837,90.50500492814076,2.7125475853586765,0.3367640387446402,93.90167564222284
838,65.0164595926121,5.217119411553046,8.791857726012477,77.89368378300367
839,84.84322398476584,4.933540018711079,2.4339668321853045,97.98955102024252
840,72.86011155774491,4.583766285454921,5.5733716957300805,52.43474241999649
841,74.50536290347567,4.742924977122138,0.3897932066113041,54.90038423903705
842,81.74819492166604,1.2363019090047218,6.66847391305658,52.20329307851907
843,63.772779784377015,3.902550184518077,3.230273457540939,59.263842516677
844,78.82409746184051,5.185689802282229,8.979191869576658,77.0635055470839
845,76.66452208213056,5.319712783994801,8.881181889340358,82.27860907137139
846,79.92451264008149,2.9446497181480837,3.252906183617478,52.27925789743344
847,77.89168643907819,7.531415681729401,9.009608956904678,97.29854449227997
848,99.55300139910895,3.2676503035709983,9.961576734987789,92.10826883251906
849,68.62260015748684,6.938914401053474,8.254156641239481,64.83062410785466
850,69.69003044998182,5.854388723743369,8.448713477552289,53.8593765113234
851,68.76859473575236,3.7075453803123937,2.4900873610908993,58.49435366095287
852,69.44522880839746,8.550621785219024,5.767023988577563,56.34722068774863
853,68.62612872693482,2.61272633648704,0.6725591396736785,56.16418896494734
854,86.89016531107552,6.8383083472200035,0.9491793682166971,75.9280844332867
855,89.20504247989855,7.0011646360859565,9.988926120332906,62.29237212467002
856,69.29253706250523,3.6587595818467102,3.2663924942591094,67.90698582645723
857,66.67644426895771,7.784930600128657,7.481839120488464,99.47526666921613
858,79.71415556386404,4.499906970802094,8.066650530268165,84.21571244626725
859,69.47776955719029,5.577387258559714,8.580232710072291,97.44903335235007
860,81.32931817755511,5.5206436775424415,9.976282974021565,57.12782775165578
861,77.029230208513,4.731382517058904,2.414964852568678,69.10697374162847
862,59.84255885002768,6.621616546319564,0.40350826859699707,77.73659016411771
863,90.47505201330061,6.586977441104426,4.11191517994586,53.8379030944369
864,92.95877673095522,1.5029360535236385,1.3008066982894695,50.209372181397896
865,68.87211309515614,7.608680485756305,0.22425889162055124,83.52171668984587
866,71.12298440064016,1.6750160239286513,3.604268271414861,82.09097584007176
867,77.85865390724905,7.065092408683315,7.837382510752365,70.53944049998059
868,78.34456789987026,7.253410273655167,5.661806912250709,74.48220380160163
869,81.5854427267283,2.8180671395696035,3.1277798921035407,70.77215002960448
870,95.1020453876635,4.17837142409083,6.543420054927197,51.200252242244446
871,73.2305277250595,2.7885906630281285,2.320181803088107,66.76858031087312
872,67.01702755461547,4.570157939422529,0.14381446072085025,58.85411276986449
873,61.20680771985473,4.383931431628517,7.643533864364274,54.921209455068436
874,67.69069960058081,6.55932106453868,6.237430848640091,97.83602169446749
875,74.66873027126204,7.620617492239217,7.6230262450096,79.96798625210829
876,92.94557863517788,7.791367621579912,0.3893801668766561,86.43281421183013
877,69.82388700963828,3.875663946843396,8.371196278306522,65.76818716330587
878,77.23787951638899,4.581556252510945,6.195262000363034,69.65735647470076
879,74.83577103927247,1.6331236155580995,5.633953507126401,61.84619969483617
880,86.88393273448084,3.3882598670076227,6.246140481145316,54.84828354827124
881,100.0,6.929703266194915,8.644332468683642,58.95158187207919
882,69.6913122707968,8.231165647096464,5.86936506558907,89.8757022648243
883,70.10560557481777,2.531302256240156,5.809503798881793,83.87729025918878
884,85.44160877069072,3.8150714816942113,9.906791570657658,77.34644379927384
885,81.81891489626311,4.947188486082146,7.56730167068568,73.7544936433384
886,93.46707325736034,5.560322317639214,4.422938054511353,96.12171418280622
887,80.83928185325964,3.3807929601567075,7.073970000329277,53.63674738893342
888,71.40707909212941,5.8481220889281795,3.892304716917885,64.0300406618958
889,80.9065483069231,4.052321305858168,2.28875462483499,67.4968926785357
890,86.08703580582907,4.9710954582434415,5.968518768877594,89.12129061063939
891,83.20482181197364,6.092568496007399,9.281820981139514,99.62573100809857
892,80.07274031107298,5.0128445396218755,9.291395200154627,62.03352573785765
893,85.66674689589154,4.127228218946863,3.419052781054903,93.71536670685403
894,86.69295590445672,4.780780392148339,5.276774662216949,91.53113802158956
895,88.82158991037527,4.82327408158933,2.116358985698612,61.23286988208833
896,81.48709887589642,4.2599779402357445,9.956311094988834,69.96662900996112
897,73.32881919683146,4.482407874665795,9.811179078679357,70.48364346462596
898,76.46713686433323,8.197294341009433,6.495089297074474,98.91103342632792
899,87.06508966508358,6.121838895882478,8.044140596774733,59.044595068944915
900,66.83064329012764,4.409039363941679,7.151001612837,89.9578985552391
901,78.68673308872901,6.393908809021472,5.931582190394682,66.7096357086555
902,71.0666118767264,4.33236102048798,0.533479969888977,86.54351728880802
903,75.28744822934817,7.346249275173283,4.54764342552661,71.00055021478315
904,87.78451862607298,5.739284384396187,6.747863021674105,78.917988155827
905,76.91099068019903,4.7853957119915425,6.775316138836846,91.63058866630655
906,75.46436548156149,5.895433851620555,3.7312261842238357,90.20827824919421
907,61.40143859020081,1.8582476958630014,9.416919866580306,93.321159176985
908,82.46253566027221,2.7464650621803894,1.67357032236781,52.980866267232955
909,81.45484181141076,2.612149987201889,5.003594462155606,84.60252765198724
910,96.6325472330546,5.285886189527414,6.908839765508228,56.999368836088145
911,71.92221765046999,8.465029998970184,6.971358058918092,70.79092840092055
912,77.1915032766394,9.462600292385265,6.486389567688155,77.42942075273442
913,77.49383683710755,6.276102202881514,2.7528821345186016,70.13697423734153
914,90.77453279763475,6.001688949888914,1.5620656868662197,75.98058379015038
915,74.04704467613048,1.397884531694522,6.3594032682671084,99.82631543993097
916,77.7902152577034,3.9146524005319563,5.993021161394378,56.760865685642734
917,81.0789650971654,3.424432496183522,1.7935601028924097,83.77280226682129
918,76.86609123156359,3.7583048034977677,7.051391455705634,69.80004831928076
919,70.53566385449471,4.663712362830421,4.551719917336564,56.65048994536644
920,76.94089992898307,4.055818844605746,6.6776059160315295,57.936838168715475
921,85.73631749859771,1.0414003792484245,8.373670797701507,97.46365531228085
922,64.73484700588939,6.495820512235068,1.6972842857692316,93.9800748355881
923,76.32969674146877,2.854513948520387,0.1914486799683668,95.3520980207511
924,67.99879185060827,5.478493728222299,7.791025863957868,99.57663879136933
925,86.95046628924842,9.148165339499947,6.096974251526159,60.415769500425895
926,59.76813095216225,3.1612308168271532,6.996395696221217,67.7719668682031
927,69.41078152728412,0.0,8.381549749886425,83.46095149624333
928,78.7721187506452,4.427991556239778,8.028109348245005,74.19012699303237
929,90.65524029234341,7.201919269997142,9.609201469288246,70.91947666891667
930,74.34249738927012,8.916694908441187,5.359350788521182,67.89056246677966
931,69.44800473306802,2.5409008110951663,4.884956326599053,79.68903159717262
932,93.8115706944059,5.993398446473043,4.018871998907301,78.77967143200411
933,60.51986099583756,4.069379086439893,1.5369104284420454,58.07289170321201
934,53.01194043379918,4.788103291391729,5.726072328820225,73.58699187592195
935,79.40014450053333,10.0,2.7701252432597876,77.67358881049249
936,69.97945775647389,1.9940593432096936,9.213075122129755,78.51434693656952
937,64.78767182869287,5.5074793229891466,5.8319080427709755,60.50535964561759
938,82.08356447299353,5.935386343530866,5.928401805081101,87.11356961261434
939,77.43800713771199,7.171572649878694,3.5492466087701002,51.259954741053484
940,69.35921369263272,5.1959663069417905,0.5198935197770749,67.74159277715813
941,62.19695601329106,5.616101079008205,0.3174376537298862,89.01063242678168
942,83.72457328280144,4.216702865156417,4.233351441531975,78.19464605277011
943,81.50201177958661,5.538253882490214,0.8456537809723785,63.05812162554301
944,74.00824136220618,4.313615449005179,6.068469555401391,84.74765596715238
945,93.46636996047665,6.243143779712102,8.809730056396575,78.36954720780366
946,64.29915233673847,4.260779327912732,8.829148165187222,89.81218047281936
947,59.74474829075261,5.754200787804373,6.590454101322324,86.75125930949116
948,68.08091930118755,4.941474372630044,2.1123183147293103,80.50539610181173
949,74.54413983644503,7.252100501544336,8.629968313588721,74.40888376554071
950,77.43339449322691,4.897212552823028,8.860934353132082,56.65910628337617
951,72.5876394214367,1.4539350635862371,1.966535849529587,63.06665089426919
952,78.52055396514297,7.523843001427983,7.374260857706773,70.95497364585427
953,62.48460575809556,3.1885353982747624,2.8651954892712297,79.96496435031943
954,89.4376460407326,3.6924673227023606,8.026403123529297,75.68539276076524
955,74.17848821607431,3.808677411913016,9.972378999036026,64.40922629797647
956,86.17295831588127,7.748876186341635,0.30026005329392813,50.32321788948553
957,78.42725346377703,0.728651572042609,8.973658657909318,74.8119610950407
958,79.56753219153784,10.0,6.226305335986581,64.28129942811215
959,80.69767280232205,7.112113618132104,9.733826191648213,86.73041503552676
960,79.47708560017315,5.4464778282583195,4.650095175264276,51.19731326352417
961,81.42722759867544,4.890211998767427,8.473879305713737,79.24139056528955
962,88.29152530132431,5.571108149715314,0.6239406859827723,97.07371187530327
963,76.9652116970147,6.042244856758677,3.352790500782957,58.72046335557498
964,82.09003757588512,6.290431171900114,0.6701653775120997,73.58247453752978
965,74.10264305712774,6.111208932006897,9.753431334790704,54.57109959085691
966,89.40117215449473,5.179161362510498,8.169739072718368,81.28409561306763
967,68.2360769794073,4.605323159385348,8.525474212459706,77.52658402981127
968,93.00940432910815,4.697453432692977,9.379652314338943,70.36827621064162
969,74.59842049355656,4.610183439294638,0.8510348611978535,76.06885107368706
970,60.69224897881952,7.2675401937341295,3.8559759251333334,94.8287329234505
971,76.2810441491079,6.1871134445617235,0.7103488904400213,59.814715115553355
972,68.1894834252512,0.0,2.107931015500286,51.12822558526736
973,83.40643548988724,6.311801553059522,2.293657770376724,93.08324423495505
974,68.4737602069761,5.389472389437549,4.691072110475787,78.85585411939533
975,70.5381656678522,4.962582487108206,2.685621674536426,94.53292277309211
976,56.10459269054469,4.222963093822228,1.009781068177611,79.84726117065863
977,70.47693680750923,7.2482254399720265,1.674910890941077,90.50805449798511
978,50.76120673371044,6.895052924245716,1.4727556355209093,71.4836681677574
979,59.16097176514277,3.4542446643527818,9.730767979122984,87.49299656441343
980,82.60414656144297,5.81410457424907,7.592925069184736,95.6520733444928
981,82.85800158650832,3.0566865309174283,9.67761465269562,78.60614818611032
982,79.25457561784965,2.240763670422139,4.397404865079086,59.03925752811898
983,65.33023856870787,3.74656555082007,2.783684816626566,63.43988075150991
984,74.5228864385802,6.724786944765517,7.982931972091867,59.93222884487029
985,74.96397460909432,6.906250090752174,3.262539180411468,62.342851379786644
986,63.416353108074574,6.026170840194586,2.9938337370534827,65.32077246755182
987,90.0339830176715,6.450191573695994,2.325059922078312,77.75668933765942
988,83.77362290575671,6.032356574229917,1.2967897822423535,79.39958147319163
989,72.79035826170336,3.7170368095540955,2.5646306101676597,71.32498736209305
990,75.26885838994531,5.8638450893478815,3.553197484738877,80.77103899104176
991,77.08382807947552,6.600819050455365,6.739942081457304,54.078746280568296
992,54.58265131575709,6.508582659627148,0.6256484221945158,54.389411852908
993,72.52822617479403,7.377826742949286,2.1050693966534295,58.59147301788292
994,68.18015752002202,6.416607694402128,8.090236402916764,75.90387490201724
995,64.98379990105084,5.702896415083166,1.4692192358377076,60.69973393491568
996,72.18899707114045,7.140300476632855,3.4264514652252154,64.16422017462887
997,92.97686526849523,4.9469574815018795,8.6465892185814,70.0156418086497
998,81.4084286126701,3.2362506975445644,1.5492531114344266,90.59330620051898
999,69.28821010217203,4.673866072112472,0.827368356181899,50.693106795643004
1000,80.72582781356158,3.510194710387102,4.845379950800108,82.46894101183112
